{
	"info": {
		"_postman_id": "c82b6201-2390-4aa6-8130-515a376042fc",
		"name": "API tienda de mascotas",
		"schema": "https://schema.getpostman.com/json/collection/v2.1.0/collection.json",
		"_exporter_id": "5163338"
	},
	"item": [
		{
			"name": "Crear usuario tienda mascotas",
			"request": {
				"method": "POST",
				"header": [],
				"body": {
					"mode": "raw",
					"raw": "[\r\n  {\r\n    \"id\": 9999,\r\n    \"username\": \"user13111\",\r\n    \"firstName\": \"Juan\",\r\n    \"lastName\": \"Montoya\",\r\n    \"email\": \"jmontoya@gmail.com\",\r\n    \"password\": \"mypassword123\",\r\n    \"phone\": \"st012345445\",\r\n    \"userStatus\": 0\r\n  }\r\n]",
					"options": {
						"raw": {
							"language": "json"
						}
					}
				},
				"url": {
					"raw": "https://petstore.swagger.io/v2/user/createWithArray",
					"protocol": "https",
					"host": [
						"petstore",
						"swagger",
						"io"
					],
					"path": [
						"v2",
						"user",
						"createWithArray"
					]
				}
			},
			"response": []
		},
		{
			"name": "Consultar usuario",
			"request": {
				"method": "GET",
				"header": [],
				"url": {
					"raw": "https://petstore.swagger.io/v2/user/user13111",
					"protocol": "https",
					"host": [
						"petstore",
						"swagger",
						"io"
					],
					"path": [
						"v2",
						"user",
						"user13111"
					]
				}
			},
			"response": []
		},
		{
			"name": "Borrar usuario de la tienda",
			"request": {
				"method": "DELETE",
				"header": [],
				"url": {
					"raw": "https://petstore.swagger.io/v2/user/user13111",
					"protocol": "https",
					"host": [
						"petstore",
						"swagger",
						"io"
					],
					"path": [
						"v2",
						"user",
						"user13111"
					]
				}
			},
			"response": []
		}
	]
}