{
	"info": {
		"_postman_id": "46611a52-2d2b-4883-882e-37b672911bf0",
		"name": "Practica Autenticacion APIs Postman",
		"schema": "https://schema.getpostman.com/json/collection/v2.1.0/collection.json",
		"_exporter_id": "5163338"
	},
	"item": [
		{
			"name": "Autenticacion basica",
			"request": {
				"auth": {
					"type": "basic",
					"basic": [
						{
							"key": "password",
							"value": "passwd",
							"type": "string"
						},
						{
							"key": "username",
							"value": "user",
							"type": "string"
						}
					]
				},
				"method": "GET",
				"header": [],
				"url": {
					"raw": "https://httpbin.org/basic-auth/user/passwd",
					"protocol": "https",
					"host": [
						"httpbin",
						"org"
					],
					"path": [
						"basic-auth",
						"user",
						"passwd"
					]
				}
			},
			"response": []
		},
		{
			"name": "Autenticacion con token",
			"request": {
				"auth": {
					"type": "bearer",
					"bearer": [
						{
							"key": "token",
							"value": "foo",
							"type": "string"
						}
					]
				},
				"method": "GET",
				"header": [],
				"url": {
					"raw": "https://httpbin.org/bearer",
					"protocol": "https",
					"host": [
						"httpbin",
						"org"
					],
					"path": [
						"bearer"
					]
				}
			},
			"response": []
		},
		{
			"name": "Openweather - Clima x ciudad con key value",
			"request": {
				"auth": {
					"type": "apikey",
					"apikey": [
						{
							"key": "in",
							"value": "query",
							"type": "string"
						},
						{
							"key": "value",
							"value": "837b28c5cc8897dc232a55320b5e9d76",
							"type": "string"
						},
						{
							"key": "key",
							"value": "appid",
							"type": "string"
						}
					]
				},
				"method": "GET",
				"header": [],
				"url": {
					"raw": "api.openweathermap.org/data/2.5/weather?q=New york ",
					"host": [
						"api",
						"openweathermap",
						"org"
					],
					"path": [
						"data",
						"2.5",
						"weather"
					],
					"query": [
						{
							"key": "q",
							"value": "New york "
						}
					]
				}
			},
			"response": []
		}
	]
}