{
	"id": "0b02fd8a-1ef5-408d-8831-0962d8d7d20b",
	"name": "Ambiente UAT",
	"values": [
		{
			"key": "URL",
			"value": "http://mystoreapi.com",
			"type": "default",
			"enabled": true
		},
		{
			"key": "CATEGORIA",
			"value": "shirt",
			"type": "default",
			"enabled": true
		},
		{
			"key": "ID-PRODUCTO",
			"value": "124283",
			"type": "default",
			"enabled": true
		},
		{
			"key": "name",
			"value": "",
			"type": "default",
			"enabled": false
		},
		{
			"key": "price",
			"value": "",
			"type": "default",
			"enabled": false
		},
		{
			"key": "CATEGORIA3",
			"value": "",
			"type": "any",
			"enabled": false
		}
	],
	"_postman_variable_scope": "environment",
	"_postman_exported_at": "2023-01-31T09:26:57.103Z",
	"_postman_exported_using": "Postman/10.8.7"
}