{
	"id": "37ece8b8-72bc-41dd-b678-730aa47afef8",
	"name": "Ambiente PP",
	"values": [
		{
			"key": "URL",
			"value": "http://mystoreapi.com",
			"type": "default",
			"enabled": true
		},
		{
			"key": "ID-PRODUCTO",
			"value": "813550",
			"type": "default",
			"enabled": true
		},
		{
			"key": "CATEGORIA",
			"value": "Accessories",
			"type": "default",
			"enabled": true
		},
		{
			"key": "CATEGORIA3",
			"value": "",
			"type": "any",
			"enabled": true
		}
	],
	"_postman_variable_scope": "environment",
	"_postman_exported_at": "2023-01-31T09:26:45.892Z",
	"_postman_exported_using": "Postman/10.8.7"
}