{
	"id": "6815ca6e-2a03-4eb8-bfd1-7e34c4ca2965",
	"name": "Ambiente Pruebas",
	"values": [
		{
			"key": "URL",
			"value": "http://mystoreapi.com",
			"type": "default",
			"enabled": true
		},
		{
			"key": "CATEGORIA",
			"value": "supplements",
			"type": "default",
			"enabled": true
		},
		{
			"key": "ID-PRODUCTO",
			"value": "813550",
			"type": "default",
			"enabled": true
		},
		{
			"key": "CATEGORIA3",
			"value": "",
			"type": "any",
			"enabled": true
		}
	],
	"_postman_variable_scope": "environment",
	"_postman_exported_at": "2023-01-31T09:26:51.855Z",
	"_postman_exported_using": "Postman/10.8.7"
}